old,new,rank
attendez,atendez,401
arrêtez,arêtez,505
donnez,donez,688
rappelle,rapèle,693
apprendre,aprendre,789
appelez,apelez,822
mettez,mètez,903
pourriez,pouriez,932
apporte,aporte,1135
habite,abite,1224
arrivent,arivent,1247
arrivera,arivera,1337
pardonne,pardone,1351
regrette,regrète,1371
permettez,permètez,1466
pourrai,pourai,1507
pourrez,pourez,1767
supplie,suplie,1793
attendent,atendent,1807
rappelez,rapelez,1832
verrez,vèrez,1860
pardonnez,pardonez,1919
accompagne,acompagne,1959
apprécie,aprécie,2009
recommence,recomence,2021
verrai,vèrai,2030
sonne,sone,2034
souffre,soufre,2044
donnerai,donerai,2086
supporte,suporte,2184
approchez,aprochez,2255
apprend,aprend,2303
reconnaître,reconaître,2444
donnera,donera,2492
pourrions,pourions,2497
abandonne,abandone,2536
appellent,apèlent,2545
fonctionne,fonctione,2561
arrange,arange,2721
attendons,atendons,2805
étonne,étone,2817
rapporte,raporte,2835
téléphoné,téléfoné,2871
appellerai,apèlerai,2877
attaqué,ataqué,2944
enterré,entéré,2963
quittez,quitez,2982
allume,alume,3043
attrapé,atrapé,3046
attendrai,atendrai,3093
apportez,aportez,3135
souffert,soufert,3147
connaissent,conaissent,3163
arrangé,arangé,3180
mettent,mètent,3211
commencez,comencez,3290
mignonne,mignone,3296
démarre,démare,3340
accorde,acorde,3349
habille,abille,3371
échappe,échape,3392
ordonne,ordone,3405
alliez,aliez,3435
mettons,mètons,3544
reviennent,reviènent,3600
occupez,ocupez,3625
commençons,començons,3652
pourrons,pourons,3661
mettra,mètra,3668
attrapez,atrapez,3706
commandé,comandé,3725
appuie,apuie,3762
arrêtera,arêtera,3786
reverra,revèra,3813
deviennent,deviènent,3816
suffira,sufira,3926
correspond,corespond,3944
connaissiez,conaissiez,3958
arrache,arache,4006
reconnaissez,reconaissez,4014
attire,atire,4027
déconne,décone,4041
accuse,acuse,4063
arriverai,ariverai,4110
installe,instale,4154
pourront,pouront,4182
comprennent,comprènent,4240
mettrai,mètrai,4266
nettoie,nètoie,4348
étouffe,étoufe,4407
raccompagne,racompagne,4410
connaissons,conaissons,4435
commencent,comencent,4463
débarrasse,débarasse,4545
apprendra,aprendra,4638
arriverait,ariverait,4661
annulé,anulé,4705
connaisse,conaisse,4758
reconnaît,reconaît,4779
arrivez,arivez,4792
étonnerait,étonerait,4819
raccroche,racroche,4831
occuperai,ocuperai,4854
remettez,remètez,4876
enverrai,envèrai,4879
occupera,ocupera,4937
rapproche,raproche,5122
nomme,nome,5232
apprécié,aprécié,5265
appellera,apèlera,5281
arrêtent,arêtent,5316
annoncé,anoncé,5349
reverrai,revèrai,5378
battent,batent,5461
habitez,abitez,5482
nourrit,nourit,5504
déshabille,désabille,5535
atterri,atèri,5553
allions,alions,5562
arrangera,arangera,5667
appelons,apelons,5678
enterre,entère,5681
interroge,intèroge,5687
pardonné,pardoné,5724
attendra,atendra,5756
empoisonné,empoisoné,5761
hésite,ésite,5772
attiré,atiré,5805
accrochez,acrochez,5862
rappellerai,rapèlerai,5906
frappez,frapez,5985
apprennent,aprènent,5997
nettoyé,nétoyé,6042
battez,batez,6052
interrogé,intèrogé,6167
préoccupe,préocupe,6197
quittée,quitée,6248
appartiens,apartiens,6261
rattrape,ratrape,6276
annule,anule,6278
apprenez,aprenez,6280
promettez,promètez,6343
apprendrai,aprendrai,6397
attendiez,atendiez,6408
habitent,abitent,6552
impressionné,impressioné,6566
appartiennent,apartiènent,6595
attaquent,ataquent,6625
raccroché,racroché,6739
bonnie,bonie,6740
collé,colé,6744
donnons,donons,6745
installez,instalez,6747
kidnappé,kidnapé,6748
arrêtons,arêtons,6801
verrait,vèrait,6822
mentionné,mentioné,6837
verront,véront,6853
occupent,ocupent,6912
apparu,aparu,6924
combattu,combatu,6941
permettra,permètra,6972
apporterai,aporterai,7044
bouffé,boufé,7056
hésitez,ésitez,7058
soupçonne,soupçone,7087
donnerait,donerait,7112
efface,éface,7118
quitterai,quiterai,7123
accroché,acroché,7159
recommande,recomande,7167
arrivons,arivons,7191
accordez,acordez,7276
hérité,érité,7284
enterrée,entérée,7353
décolle,décole,7380
enverra,envèra,7381
attaquée,ataquée,7455
remettra,remètra,7468
abandonnez,abandonez,7513
accompagné,acompagné,7550
roll,rol,7560
approchent,aprochent,7563
débarrassé,débarassé,7584
mettant,mètant,7619
appuyez,apuyez,7675
offrez,ofrez,7721
affirme,afirme,7761
aérienne,aériène,7850
habitue,abitue,7870
emballe,embale,7891
serrez,sèrez,7896
arriverez,ariverez,7920
aveux,aveus,7928
fonctionnent,fonctionent,7936
démissionne,démissione,7947
espionne,espione,7950
allumez,alumez,7959
souffrent,soufrent,7980
connaissaient,conaissaient,7995
démissionné,démissioné,7996
attende,atende,8048
arriveront,ariveront,8059
mettais,mètais,8078
réchauffe,réchaufe,8173
souffrez,soufrez,8256
mettrait,mètrait,8301
recommencez,recomencez,8338
suffirait,sufirait,8413
apportera,aportera,8438
installée,instalée,8442
commencera,comencera,8542
quittera,quitera,8647
siffle,sifle,8649
appelaient,apelaient,8654
pardonnerai,pardonerai,8697
supporté,suporté,8720
accouche,acouche,8735
supposons,suposons,8753
suffi,sufi,8772
attachez,atachez,8796
regretterez,regrèterez,8828
approuve,aprouve,8870
accompagnez,acompagnez,8919
honore,onore,8931
quittent,quitent,8964
affecte,afecte,8969
barrez,barez,8971
permettent,permètent,8980
applaudit,aplaudit,8988
supplié,suplié,9044
donnerez,donerez,9065
admettons,admètons,9072
offrent,ofrent,9097
oppose,opose,9122
attendions,atendions,9144
apparue,aparue,9197
baronne,barone,9259
apprête,aprête,9276
souffrait,soufrait,9313
allongez,alongez,9316
développe,dévelope,9381
rappellera,rapèlera,9410
déconné,déconé,9416
correspondent,corespondent,9429
arrêterai,arêterai,9524
permettrai,permètrai,9597
frotte,frote,9691
apparaissent,aparaissent,9702
recommencé,recomencé,9813
échappent,échapent,9818
hésité,ésité,9825
attrapent,atrapent,9869
déshabillez,désabillez,9992
pardonnera,pardonera,9997
donneront,doneront,10062
accompagnée,acompagnée,10075
habillez,abillez,10118
humilié,umilié,10120
kidnappée,kidnapée,10121
interrompu,intèrompu,10165
arriverons,ariverons,10179
quittant,quitant,10212
flatté,flaté,10292
assommé,assomé,10318
impressionne,impressione,10326
arrangerai,arangerai,10372
raccrochez,racrochez,10409
soupçonné,soupçoné,10412
attaquez,ataquez,10414
jettent,jètent,10512
quittons,quitons,10524
effectué,éfectué,10540
attendrons,atendrons,10585
occupais,ocupais,10654
analysé,analisé,10668
apprendrez,aprendrez,10696
arrose,arose,10717
impressionnée,impressionée,10731
remettrai,remètrai,10775
apprécient,aprécient,10863
apprenait,aprenait,10881
habitais,abitais,10890
lutté,luté,10895
frappent,frapent,10964
accusez,acusez,10992
emballé,embalé,11010
effondre,éfondre,11057
assomme,assome,11100
communique,comunique,11105
connecté,conecté,11165
démarrez,démarez,11170
démarré,démaré,11171
déshonoré,désonoré,11172
reprennent,reprènent,11208
commet,comet,11218
permettrait,permètrait,11246
rattrapez,ratrapez,11249
programmé,programé,11269
accouché,acouché,11293
annulée,anulée,11294
arrangerait,arangerait,11356
apportent,aportent,11369
donniez,doniez,11378
débarrassez,débarassez,11406
annulez,anulez,11420
décollé,décolé,11426
orchestra,orquestra,11506
fonctionné,fonctioné,11519
affronte,afronte,11565
atterrit,atèrit,11569
donnerons,donerons,11579
enterrez,entèrez,11640
remette,remète,11645
sonnent,sonent,11687
suffisent,sufisent,11710
appartenant,apartenant,11717
nettoyez,nétoyez,11771
frappait,frapait,11822
commandez,comandez,11858
attirent,atirent,11891
empoisonnée,empoisonée,11897
mignonne,mignone,11904
souviennent,souviènent,11915
offrons,ofrons,11956
reconnaîtra,reconaîtra,11994
rappellent,rapèlent,12026
attirée,atirée,12038
sonnait,sonait,12053
redonne,redone,12079
échappera,échapera,12110
applaudissez,aplaudissez,12115
effondré,éfondré,12126
battra,batra,12144
reverrez,revèrez,12159
arrivaient,arivaient,12204
enflamme,enflame,12327
connaîtra,conaîtra,12353
dénommé,dénomé,12355
appellerait,apèlerait,12390
connaissant,conaissant,12433
rapprochez,raprochez,12442
collectionne,colectione,12471
irrite,irite,12507
interrompez,intèrompez,12534
terrifié,tèrifié,12548
emprisonné,emprisoné,12555
flatte,flate,12559
soufflez,souflez,12570
battrai,batrai,12725
collignon,colignon,12729
appeliez,apeliez,12761
recommencera,recomencera,12809
apportée,aportée,12890
arrêteront,arêteront,12891
championne,champione,12986
interrogez,intèrogez,12999
nourrissent,nourissent,13006
approchons,aprochons,13024
abandonnent,abandonent,13040
diffusé,difusé,13088
regretté,regrété,13100
arrangez,arangez,13112
appréciez,apréciez,13154
attrapée,atrapée,13156
endommagé,endomagé,13194
abandonnerai,abandonerai,13214
collée,colée,13224
recommençons,recomençons,13236
jetterai,jèterai,13269
supportait,suportait,13280
mentionne,mentione,13429
mettront,mètront,13489
rattrapé,ratrapé,13542
supportais,suportais,13582
surnommé,surnomé,13615
chantonne,chantone,13624
supporterai,suporterai,13657
appartenaient,apartenaient,13665
battons,batons,13667
habilles,abiles,13677
klaxonne,klaxone,13683
remettent,remètent,13690
téléphonez,téléfonez,13698
attaquera,ataquera,13706
appartenu,apartenu,13770
occupons,ocupons,13802
permettant,permètant,13804
suffiront,sufiront,13816
admettez,admètez,13821
abattez,abatez,13849
corrige,corige,13864
déconnez,déconez,13946
rapportez,raportez,13973
supprimé,suprimé,13978
mettiez,mètiez,14027
humilie,umilie,14090
accomplit,acomplit,14115
battaient,bataient,14119
supportent,suportent,14142
pourrit,pourit,14187
rapportera,raportera,14191
contiennent,contiènent,14292
illumine,ilumine,14300
jettera,jètera,14306
reconnaissent,reconaissent,14318
remettons,remètons,14319
efforce,éforce,14341
reconnaisse,reconaisse,14354
sonnez,sonez,14359
accompagnent,acompagnent,14364
attaqueront,ataqueront,14368
téléphonerai,téléfonerai,14443
accrochée,acrochée,14447
attaquons,ataquons,14449
accompagnait,acompagnait,14522
habitaient,abitaient,14541
attirait,atirait,14577
collait,colait,14584
mettrez,mètrez,14596
accable,acable,14677
bohème,boème,14682
annoncez,anoncez,14713
mettrons,mètrons,14745
supprime,suprime,14791
flippe,flipe,14810
rapportent,raportent,14831
verrouille,vérouille,14841
attribué,atribué,14936
hospitalisé,ospitalisé,14953
enterré,entéré,14996
rappelais,rapelais,15020
rapporterai,raporterai,15021
bouffent,boufent,15046
humiliée,umiliée,15066
interrogée,intèrogée,15067
acquitté,acquité,15099
affronté,afronté,15101
attendront,atendront,15103
offrirai,ofrirai,15134
atteindra,ateindra,15198
rappelons,rapelons,15229
suppliée,supliée,15286
attaquait,ataquait,15300
rallume,ralume,15332
terrifiée,tèrifiée,15345
effondrée,éfondrée,15370
hallucine,alucine,15376
diffèrent,difèrent,15420
appréciée,apréciée,15459
soutiennent,soutiènent,15491
verrouillé,vérouillé,15496
verriez,vèriez,15550
inhabituelle,inabituèle,15567
atteigne,ateigne,15596
accompagnera,acompagnera,15633
apprise,aprise,15636
mettaient,mètaient,15680
saccagé,sacagé,15692
affiché,afiché,15746
annoncent,anoncent,15748
apportais,aportais,15811
attribue,atribue,15812
flattée,flatée,15817
serrent,sèrent,15845
accusent,acusent,15856
apparaîtra,aparaîtra,15860
apprécions,aprécions,15861
arrêterait,arêterait,15863
enverrait,envèrait,15882
proviennent,proviènent,15909
souffrira,soufrira,15918
empoisonne,empoisone,15947
chauffé,chaufé,15996
terrorisée,tèrorisée,16094
emballez,embalez,16129
photographié,fotografié,16156
débarrassée,débarassée,16197
habitons,abitons,16209
recommencent,recomencent,16223
frappera,frapera,16259
retiennent,retiènent,16384
sonnera,sonera,16390
arracherai,aracherai,16406
collez,colez,16414
frapperai,fraperai,16424
permette,permète,16441
remballe,rembale,16450
affirment,afirment,16466
milieux,milieus,16503
rattrapera,ratrapera,16513
affirmé,afirmé,16529
fouette,fouète,16597
raccompagnée,racompagnée,16620
raffole,rafole,16621
recommencerai,recomencerai,16622
commencée,comencée,16647
frappa,frapa,16659
affole,afole,16695
botté,boté,16704
affaibli,afaibli,16763
supposant,suposant,16813
apprenais,aprenais,16831
commencerai,comencerai,16841
occuperont,ocuperont,16875
transmettez,transmètez,16895
coûteux,coûteus,16912
hombre,ombre,16920
stoppé,stopé,16947
appelleront,apèleront,16960
collent,colent,16963
terrienne,tèriène,17001
accusait,acusait,17077
flippé,flipé,17098
affaiblit,afaiblit,17124
applaudi,aplaudi,17128
arrêtiez,arêtiez,17129
luttant,lutant,17171
luttent,lutent,17172
commencerons,comencerons,17224
offrit,ofrit,17252
atteignent,ateignent,17271
attriste,atriste,17272
collaboré,colaboré,17285
flattez,flatez,17303
honorez,onorez,17309
transmettrai,transmètrai,17405
émotionnellement,émotionèlement,17413
abandonnera,abandonera,17415
combattez,combatez,17430
différencie,diférencie,17435
hérite,érite,17455
raccompagnez,racompagnez,17480
abattra,abatra,17494
combattent,combatent,17500
conviennent,conviènent,17502
habitiez,abitiez,17588
raisonne,raisone,17617
regrettera,regrètera,17621
apprit,aprit,17691
désapprouve,désaprouve,17710
questionne,questione,17737
appréciait,apréciait,17770
connaîtrez,conaîtrez,17780
supportera,suportera,17900
étonnez,étonez,17908
consomme,consome,17984
rapprochent,raprochent,18030
supposez,suposez,18117
arrachez,arachez,18130
hospitalisée,ospitalisée,18161
nettoies,nétoies,18176
rhabillez,rabillez,18195
apprécierait,aprécierait,18218
rattraperai,ratraperai,18273
reconnaissais,reconaissais,18275
arrachée,arachée,18297
combattons,combatons,18307
connaissions,conaissions,18310
immatriculée,imatriculée,18328
renverra,renvèra,18346
apprenons,aprenons,18362
coffré,cofré,18372
apprendront,aprendront,18440
installent,instalent,18478
rapplique,raplique,18508
résonne,résone,18514
accrochent,acrochent,18532
charrie,charie,18546
supportez,suportez,18612
arrivèrent,arivèrent,18629
chiffonne,chifone,18726
terrorise,tèrorise,18785
ordonna,ordona,18826
endommagé,endomagé,18871
stoppez,stopez,18920
soupçonnez,soupçonez,18994
accordent,acordent,19007
regrettez,regrètez,19062
appellerez,apèlerez,19091
arrangent,arangent,19093
arriviez,ariviez,19094
commandée,comandée,19110
arrangée,arangée,19214
chi,qui,19220
terrassé,tèrassé,19294
embellit,embèlit,19331
redonné,redoné,19373
sollicité,solicité,19382
apprécierez,aprécierez,19412
arrêterez,arêterez,19413
atteins,ateins,19414
effleuré,éfleuré,19454
nylon,nilon,19487
surnomme,surnome,19525
verrouillez,vérouillez,19534
attaquerons,ataquerons,19612
frotté,froté,19645
advienne,adviène,19715
battais,batais,19720
fonctionnait,fonctionait,19740
succombé,sucombé,19771
verrouillée,vérouillée,19776
allument,alument,19785
appartiendra,apartiendra,19787
appliquent,apliquent,19788
arrachent,arachent,19789
attendrait,atendrait,19791
obtiennent,obtiènent,19865
ordonnez,ordonez,19867
pourrisse,pourisse,19878
annonçant,anonçant,19921
attendrez,atendrez,19922
attrapons,atrapons,19923
interrompons,intèrompons,19970
recommençait,recomençait,19996
apprêtait,aprêtait,20018
détiennent,détiènent,20039
succombe,sucombe,20096
sympathisé,simpatisé,20101
attrapeur,atrapeur,20120
emballée,embalée,20145
appréciera,apréciera,20216
apprêtais,aprêtais,20217
arrangeait,arangeait,20219
quittiez,quitiez,20274
réapparu,réaparu,20285
annulé,anulé,20298
pardonnée,pardonée,20349
supporterait,suporterait,20376
acquitte,acquite,20392
connaîtrai,conaîtrai,20413
débarrassera,débarassera,20422
symbolise,simbolise,20474
jarret,jaret,20543
passionne,passione,20560
raccompagné,racompagné,20566
abandonnant,abandonant,20594
allie,alie,20596
offrira,ofrira,20642
terrifie,tèrifie,20664
commandent,comandent,20691
correspondait,corespondait,20694
embarrasse,embarasse,20706
nommez,nomez,20729
arrêtaient,arêtaient,20780
guettent,guètent,20823
triomphé,trionfé,20870
accomplissent,acomplissent,20882
accroît,acroît,20883
allai,alai,20887
communiquent,comuniquent,20903
rapportait,raportait,20958
affligé,afligé,20989
connecte,conecte,21006
quitterez,quiterez,21066
résonnent,résonent,21074
attraperai,atraperai,21106
donneraient,doneraient,21127
effraye,éfraye,21132
nommerai,nomerai,21166
collabore,colabore,21238
humilié,umilié,21258
pardonnent,pardonent,21274
remettrez,remètrez,21291
reverrait,revèrait,21299
occupiez,ocupiez,21387
serrant,sèrant,21415
terrifié,tèrifié,21423
battrons,batrons,21440
déshonorée,désonorée,21458
effraient,éfraient,21460
flottent,flotent,21464
abandonnons,abandonons,21529
beuh,beu,21542
menotté,menoté,21595
nettoyais,nétoyais,21598
souffrons,soufrons,21628
terrorisé,tèrorisé,21632
bottin,botin,21657
bourdonnent,bourdonent,21658
courrez,courez,21668
donneriez,doneriez,21670
débattu,débatu,21671
frappais,frapais,21688
abandonnait,abandonait,21756
accomplisse,acomplisse,21757
apportons,aportons,21766
attrapera,atrapera,21772
démarrent,démarent,21802
enverrez,envèrez,21810
interrogent,intèrogent,21830
zappe,zape,21882
annonçait,anonçait,21887
battrait,batrait,22003
commenceront,comenceront,22014
dégomme,dégome,22030
enterrera,entèrera,22035
nettoyait,nétoyait,22066
pardonnons,pardonons,22073
accompagnerai,acompagnerai,22108
accumule,acumule,22109
appuyant,apuyant,22113
déchiffré,déchifré,22140
effrayez,éfrayez,22144
hésitait,ésitait,22162
installera,instalera,22165
mettraient,mètraient,22172
reconnaîtront,reconaîtront,22192
verraient,vèraient,22215
appréhendé,apréendé,22231
arrêtant,arêtant,22232
effacent,éfacent,22268
nourrissait,nourissait,22305
sollicite,solicite,22342
arrivions,arivions,22376
bouillonne,bouillone,22384
errent,èrent,22408
accordera,acordera,22466
apprivoisé,aprivoisé,22472
atteste,ateste,22476
boutonne,boutone,22481
crypté,cripté,22505
habitera,abitera,22536
parviennent,parviènent,22563
questionné,questioné,22574
renverrai,renvèrai,22583
verrouillé,vérouillé,22606
étouffent,étoufent,22612
allongent,alongent,22615
allumerai,alumerai,22616
approuvent,aprouvent,22618
immunisé,imunisé,22667
ordonnons,ordonons,22691
serrons,sèrons,22713
flottait,flotait,22783
sifflent,siflent,22847
appréhende,apréende,22871
commandait,comandait,22889
effectuée,éfectuée,22909
suppliait,supliait,22993
attirera,atirera,23017
commise,comise,23035
espionné,espioné,23064
goulette,goulète,23075
impressionnez,impressionez,23084
innocenté,inocenté,23087
mafieux,mafieus,23102
physio,fisio,23123
raffolent,rafolent,23132
échappait,échapait,23174
accompagné,acompagné,23180
affolez,afolez,23182
apparaisse,aparaisse,23186
apporta,aporta,23187
commençaient,començaient,23210
enterrons,entèrons,23234
enterrée,entérée,23235
occupaient,ocupaient,23281
rejettent,rejètent,23302
suffoque,sufoque,23320
accablé,acablé,23338
déconnais,déconais,23369
déconnecté,déconecté,23370
hésiterai,ésiterai,23389
luttez,lutez,23397
rattrapée,ratrapée,23426
réchappe,réchape,23435
accourt,acourt,23456
commenciez,comenciez,23480
effrayait,éfrayait,23498
fonctionnera,fonctionera,23507
nourrissez,nourissez,23541
permettront,permètront,23547
rattrapent,ratrapent,23562
wallace,walace,23592
émettent,émètent,23595
étonnait,étonait,23597
accroché,acroché,23599
apparais,aparais,23604
arrachera,arachera,23606
arrêterons,arêterons,23607
blasphémé,blasfémé,23617
commettent,comètent,23628
corrigez,corigez,23634
courra,coura,23635
effectue,éfectue,23649
enterrent,entèrent,23656
erré,èré,23658
espionnez,espionez,23659
hypnotisé,ipnotisé,23667
penthouse,pentouse,23692
terra,tèra,23750
appartenez,apartenez,23773
applaudissons,aplaudissons,23774
effacez,éfacez,23823
emballé,embalé,23824
nettoyée,nétoyée,23872
sommeille,someille,23910
annoncerai,anoncerai,23934
appellerons,apèlerons,23936
attraperont,atraperont,23941
commencèrent,comencèrent,23959
regrettent,regrètent,24036
affirmez,afirmez,24084
apprêtent,aprêtent,24086
bourdonne,bourdone,24096
mettriez,mètriez,24135
mobylette,mobilète,24137
téléphonait,téléfonait,24171
appartenais,apartenais,24185
appliquez,apliquez,24186
enveloppé,envelopé,24226
habillait,abillait,24243
polluée,poluée,24281
sifflé,siflé,24307
soufflait,souflait,24312
souffrais,soufrais,24314
annoncée,anoncée,24344
approuvez,aprouvez,24345
barrons,barons,24350
enveloppé,envelopé,24387
opposent,oposent,24422
orchestré,orquestré,24423
préoccupez,préocupez,24434
arrachais,arachais,24480
attarde,atarde,24482
battront,batront,24485
commanderai,comanderai,24498
connut,conut,24500
permettrez,permètrez,24569
pourrissent,pourissent,24578
approchera,aprochera,24627
bâillonnée,bâillonée,24637
desserre,dessère,24648
menottez,menotez,24683
soupçonnais,soupçonais,24735
attirez,atirez,24769
commettez,comètez,24783
communiquez,comuniquez,24784
immole,imole,24829
promettait,promètait,24871
rattrapons,ratrapons,24879
apportant,aportant,24931
apporterait,aporterait,24932
connaîtront,conaîtront,24961
fredonne,fredone,25012
offrais,ofrais,25055
réchauffez,réchaufez,25097
soufflent,souflent,25107
échapperez,échaperez,25127
grattez,gratez,25206
habiterai,abiterai,25208
honorent,onorent,25209
luttons,lutons,25227
réquisitionné,réquisitioné,25274
suffise,sufise,25282
atteindront,ateindront,25315
donnions,donions,25349
débarrassons,débarassons,25352
endetté,endété,25361
interrogeait,intèrogeait,25388
jaffa,jafa,25392
occuperons,ocuperons,25412
rhabille,rabille,25442
réchauffera,réchaufera,25445
souffrirai,soufrirai,25453
soupçonnent,soupçonent,25454
accommode,acomode,25486
allumait,alumait,25490
chauffée,chaufée,25515
emballons,embalons,25543
hébergé,ébergé,25564
programmée,programée,25598
quitterait,quiterait,25600
regretterai,regrèterai,25610
accumulent,acumulent,25647
appelleriez,apèleriez,25650
apprendrait,aprendrait,25651
décollera,décolera,25698
habillent,abillent,25724
hourrah,houra,25726
immolé,imolé,25729
promettant,promètant,25766
promettent,promètent,25767
raisonnez,raisonez,25774
sniffe,snife,25795
atterrissent,atèrissent,25832
connaîtrons,conaîtrons,25853
interrompue,intèrompue,25893
luttait,lutait,25901
poucette,poucète,25928
promettons,promètons,25933
rebellent,rebèlent,25943
regrettons,regrètons,25945
accordons,acordons,25977
arrêteraient,arêteraient,25985
attaquerait,ataquerait,25987
barrent,barent,25990
connections,conections,26009
donnèrent,donèrent,26026
décollent,décolent,26030
frissonne,frissone,26056
nettoierai,nétoierai,26088
transmettent,transmètent,26139
télégraphié,télégrafié,26146
afflige,aflige,26157
affrontent,afrontent,26158
allumera,alumera,26160
annoncera,anoncera,26163
apprenaient,aprenaient,26164
bouffez,boufez,26173
frottez,frotez,26208
transmettra,transmètra,26281
accompagnons,acompagnons,26291
adhère,adère,26292
débattue,débatue,26343
déshabillée,désabillée,26349
effacera,éfacera,26352
immatriculée,imatriculée,26383
recommandez,recomandez,26440
suffisaient,sufisaient,26469
accroupi,acroupi,26497
affectera,afectera,26498
agrippe,agripe,26499
appreniez,apreniez,26504
assommée,assomée,26506
connaîtrait,conaîtrait,26538
desserrez,dessèrez,26549
effarouchée,éfarouchée,26555
marré,maré,26599
paralyse,paralise,26608
reconnaîtrez,reconaîtrez,26630
appartenons,apartenons,26697
diffusée,difusée,26747
hypnotisée,ipnotisée,26785
offraient,ofraient,26815
zelle,zèle,26862
accordait,acordait,26871
accours,acours,26872
appelions,apelions,26881
appréciais,apréciais,26883
arrosez,arosez,26884
attachent,atachent,26888
bagarré,bagaré,26891
chauffez,chaufez,26910
collectionnait,colectionait,26912
commandera,comandera,26914
connaîtriez,conaîtriez,26917
mentionnez,mentionez,26979
offrirait,ofrirait,26991
rattache,ratache,27017
recommencerait,recomencerait,27019
abattent,abatent,27067
churros,churos,27120
commandons,comandons,27127
contrecoeur,contrequeur,27139
déballé,débalé,27159
endommagée,endomagée,27172
enthousiasmé,entousiasmé,27173
installait,instalait,27216
kidnappe,kidnape,27224
nomment,noment,27247
rapprochait,raprochait,27278
reconnaissons,reconaissons,27280
scellée,scélée,27302
serrera,sèrera,27307
softball,softbal,27311
terrifiée,tèrifiée,27324
truffé,trufé,27331
accusant,acusant,27346
apporteront,aporteront,27351
humiliée,umiliée,27440
serrais,sèrais,27524
terrienne,tèriène,27535
tourbillonnent,tourbillonent,27538
attendis,atendis,27570
cannelloni,canéloni,27581
déballe,débale,27611
démissionnez,démissionez,27615
maghrébins,magrébins,27673
nettoient,nétoient,27684
occuperait,ocuperait,27687
pentagramme,pentagrame,27695
pistonné,pistoné,27697
promette,promète,27703
remettrait,remètrait,27717
sociopathe,sociopate,27741
sonna,sona,27742
trimballe,trimbale,27759
attrapait,atrapait,27787
décommandé,décomandé,27833
pardonnerez,pardonerez,27912
reconnaîtrai,reconaîtrai,27937
running,runing,27952
sniffé,snifé,27966
écoeure,équeure,27992
accompagnerez,acompagnerez,27997
accusera,acusera,27999
actionne,actione,28000
approuvait,aprouvait,28007
collerai,colerai,28026
emprisonne,emprisone,28060
grelotte,grelote,28087
interrogeons,intèrogeons,28101
interrogerai,intèrogerai,28102
reconnaissait,reconaissait,28158
sifflait,siflait,28175
soupçonnait,soupçonait,28178
bagarrent,bagarent,28239
diffusent,difusent,28266
habiterait,abiterait,28310
interrompu,intèrompu,28329
matter,mater,28343
mentionnent,mentionent,28346
nommera,nomera,28359
offensez,ofensez,28360
résonnait,résonait,28401
soupçonnée,soupçonée,28415
suffît,sufît,28419
zappé,zapé,28439
abattrait,abatrait,28448
affrontant,afrontant,28453
affrontera,afrontera,28454
appartienne,apartiène,28461
apprendrons,aprendrons,28462
calle,cale,28480
collera,colera,28494
combattra,combatra,28495
consommez,consomez,28503
installerai,instalerai,28567
pardonneront,pardoneront,28603
préviennent,préviènent,28622
quitterons,quiterons,28625
remettait,remètait,28632
scelle,scèle,28645
sifflera,siflera,28647
suffiraient,sufiraient,28655
téléphonais,téléfonais,28667
appréciaient,apréciaient,28686
arrosait,arosait,28688
assommez,assomez,28690
interrogera,intèrogera,28763
rappellerez,rapèlerez,28805
supprimez,suprimez,28828
étonnera,étonera,28853
affectent,afectent,28864
botterai,boterai,28893
horrifié,orifié,28968
immobilisé,imobilisé,28972
sillonné,silloné,29062
téléphonera,téléfonera,29081
accablée,acablée,29099
accouru,acouru,29100
affligé,afligé,29106
affrontons,afrontons,29108
appuient,apuient,29114
atteindrons,ateindrons,29119
bouffait,boufait,29130
bâillonne,bâillone,29137
décollez,décolez,29175
installons,instalons,29231
interrogeais,intèrogeais,29232
raccompagnerai,racompagnerai,29280
verrouillée,vérouillée,29338
éhontée,éontée,29347
abandonna,abandona,29351
aguerri,aguèri,29358
chantilly,chantilli,29382
combattrons,combatrons,29390
développent,dévelopent,29418
jetteront,jèteront,29461
mafieux,mafieus,29466
mollie,molie,29478
sonnaient,sonaient,29535
échauffe,échaufe,29566
abatte,abate,29574
accouchant,acouchant,29577
arriveraient,ariveraient,29588
chilienne,chiliène,29614
développez,dévelopez,29664
exhibe,exibe,29679
flottera,flotera,29688
remballez,rembalez,29795
réapparaissent,réaparaissent,29803
saccagée,sacagée,29806
scanne,scane,29808
soupçonnera,soupçonera,29817
analysons,analisons,29856
apprécieront,aprécieront,29859
bannissez,banissez,29865
bichonne,bichone,29867
courroucé,couroucé,29900
déboutonné,déboutoné,29914
décommande,décomande,29917
démarrait,démarait,29928
endommagée,endomagée,29940
hôtellerie,ôtèlerie,29969
nommant,nomant,30013
pollué,polué,30029
rejettera,rejètera,30046
accrochait,acrochait,30101
affronterai,afronterai,30104
agrippé,agripé,30106
annonça,anonça,30110
attachons,atachons,30117
attirerait,atirerait,30120
atténue,aténue,30121
barricadez,baricadez,30127
décollons,décolons,30179
gratté,graté,30236
habillais,abillais,30239
interrompue,intèrompue,30256
marmonne,marmone,30277
occuperez,ocuperez,30299
ortho,orto,30301
reconnaîtrait,reconaîtrait,30338
remettais,remètais,30345
surnommé,surnomé,30389
vanné,vané,30412
accomplira,acomplira,30435
accumulé,acumulé,30437
admettant,admètant,30441
adonne,adone,30442
arrachée,arachée,30448
arrêtions,arêtions,30449
attise,atise,30454
cramponnez,cramponez,30492
diffère,difère,30500
honni,oni,30555
opposerai,oposerai,30611
ordonnerai,ordonerai,30612
pardonnerait,pardonerait,30613
reverront,revèront,30655
supplia,suplia,30673
terrorisent,tèrorisent,30674
accomplissez,acomplissez,30704
atteignant,ateignant,30714
cartonné,cartoné,30738
débarrasserai,débarasserai,30770
effleure,éfleure,30781
emprisonnée,emprisonée,30782
finnois,finois,30798
flottais,flotais,30801
marrent,marent,30852
nourrissais,nourissais,30869
phéniciens,féniciens,30882
rappelant,rapelant,30908
rapprochons,raprochons,30909
recommencerons,recomencerons,30914
redonnez,redonez,30917
renverront,renvèront,30922
scanné,scané,30939
stoppe,stope,30953
supprimons,suprimons,30957
trottait,trotait,30970
affirmait,afirmait,30989
allumons,alumons,30994
apportaient,aportaient,30996
dégotté,dégoté,31070
immobilise,imobilise,31112
opposait,oposait,31170
recolle,recole,31195
scellez,scèlez,31224
sectionné,sectioné,31226
tachycarde,taquicarde,31238
whiskies,wiskies,31261
accompagneront,acompagneront,31276
accorderez,acorderez,31277
affichent,afichent,31280
allaite,alaite,31284
annulent,anulent,31288
apparurent,aparurent,31291
atterrissez,atèrissez,31298
barricadé,baricadé,31304
battiez,batiez,31307
chauffent,chaufent,31325
combattrai,combatrai,31331
commentez,comentez,31332
déshonore,désonore,31372
effectuons,éfectuons,31379
fonctionnerait,fonctionerait,31414
guettait,guètait,31429
honorons,onorons,31438
nourrira,nourira,31489
nourrisse,nourisse,31490
préoccupait,préocupait,31523
rapporterait,raporterait,31528
remettiez,remètiez,31533
réapparaît,réaparaît,31546
tamponne,tampone,31561
affirmant,afirmant,31599
affrontez,afrontez,31602
attaqueraient,ataqueraient,31617
commencerez,comencerez,31647
débattait,débatait,31672
effondrera,éfondrera,31685
grattent,gratent,31720
hésiterait,ésiterait,31728
nommait,nomait,31762
raccompagnera,racompagnera,31797
visionné,visioné,31847
arracheront,aracheront,31884
atteignait,ateignait,31890
atteindrait,ateindrait,31891
attrapais,atrapais,31892
combattait,combatait,31926
halothane,halotane,32000
machiavélique,maquiavélique,32032
photocopié,fotocopié,32061
rappliquent,rapliquent,32084
rapprochant,raprochant,32085
rattraperont,ratraperont,32088
sonnerait,sonerait,32131
squatte,squate,32138
supposais,suposais,32142
accouplent,acouplent,32175
affligée,afligée,32178
amarré,amaré,32180
applaudissait,aplaudissait,32184
arrivai,arivai,32188
commencions,comencions,32219
confectionné,confectioné,32223
cramponne,crampone,32236
déconnait,déconait,32250
dépanne,dépane,32255
palestinienne,palestiniène,32331
raccrochent,racrochent,32359
reconnaîtrons,reconaîtrons,32365
étonnent,étonent,32407
adhérez,adérez,32413
arrêtai,arêtai,32428
attachait,atachait,32434
atterrira,atèrira,32435
australienne,australiène,32438
connectée,conectée,32475
dénommé,dénomé,32506
fonctionnaient,fonctionaient,32543
ronronne,ronrone,32672
surnommait,surnomait,32708
échappaient,échapaient,32740
accrochais,acrochais,32759
accroupie,acroupie,32760
allongeais,alongeais,32769
analysée,analisée,32773
applaudissent,aplaudissent,32777
attendrit,atendrit,32783
attraperez,atraperez,32784
choppé,chopé,32827
commandais,comandais,32836
déhanche,déanche,32873
dépanné,dépané,32875
enterrerai,entèrerai,32906
flottaient,flotaient,32925
gallant,galant,32934
habituent,abituent,32945
hypnotise,ipnotise,32953
hésitent,ésitent,32954
indiffère,indifère,32963
interviennent,interviènent,32969
marrez,marez,32988
raisonnons,raisonons,33047
ramollit,ramolit,33049
rebellé,rebélé,33055
reflux,reflus,33061
réapparaîtra,réaparaîtra,33076
soumettrai,soumètrai,33092
tâtonne,tâtone,33113
accorderai,acorderai,33140
affligée,afligée,33144
appliquais,apliquais,33162
arrachant,arachant,33167
arriveriez,ariveriez,33168
arrivâmes,arivâmes,33169
banner,baner,33178
compromettrait,compromètrait,33208
désapprouvez,désaprouvez,33252
efforcé,éforcé,33255
entonne,entone,33263
habituerai,abituerai,33310
interpellent,interpèlent,33321
nettoyons,nétoyons,33360
rappeliez,rapeliez,33399
rapporterez,raporterez,33400
recycle,recicle,33407
regretteront,regrèteront,33408
réhabilité,réabilité,33420
admettra,admètra,33488
allumeront,alumeront,33496
approchaient,aprochaient,33503
approuvée,aprouvée,33504
arrangeais,arangeais,33507
collaborait,colaborait,33553
halètements,alètements,33635
pollue,polue,33710
rappelleront,rapèleront,33731
rattaché,rataché,33735
tanna,tana,33800
trimballé,trimbalé,33824
acclamé,aclamé,33860
accordais,acordais,33861
admette,admète,33862
affairent,afairent,33865
attaquerai,ataquerai,33882
auditionné,auditioné,33884
ballotté,baloté,33892
blasphémez,blasfémez,33898
commençai,començai,33926
corresponde,coresponde,33942
déshabillent,désabillent,33978
enflamment,enflament,33988
greffé,gréfé,34029
inhalé,inalé,34051
installais,instalais,34054
irritait,iritait,34060
maintiennent,maintiènent,34076
redeviennent,redeviènent,34157
souffrirons,soufrirons,34199
stoppée,stopée,34203
supplieras,suplieras,34207
supportons,suportons,34208
surnomment,surnoment,34211
accompagnaient,acompagnaient,34254
accrochant,acrochant,34255
acculé,aculé,34256
approuviez,aprouviez,34268
arracherons,aracherons,34269
arrivât,arivât,34270
attiraient,atiraient,34274
collaborent,colaborent,34314
commandé,comandé,34316
débarrassait,débarassait,34339
enterrait,entèrait,34362
rappliqué,rapliqué,34481
rapporta,raporta,34482
sollicitez,solicitez,34509
terri,tèri,34525
transmettons,transmètons,34530
échauffé,échaufé,34551
abattait,abatait,34559
accuserais,acuserais,34563
allèrent,alèrent,34571
analysez,analisez,34574
arrachons,arachons,34580
attachera,atachera,34587
attaquaient,ataquaient,34588
cannette,canète,34620
claironne,clairone,34630
communie,comunie,34634
consomment,consoment,34642
démissionnerai,démissionerai,34681
horrifiée,orifiée,34757
hésitons,ésitons,34759
impressionnent,impressionent,34762
mentionnée,mentionée,34811
oxygénée,oxigénée,34845
permettraient,permètraient,34853
rallumez,ralumez,34886
rattraperons,ratraperons,34892
recommenceront,recomenceront,34894
redonnons,redonons,34897
sellez,sèlez,34927
terrorisé,tèrorisé,34948
terré,tèré,34949
abandonneront,abandoneront,34981
affichez,afichez,34987
apparaîtront,aparaîtront,35005
apporterez,aporterez,35006
atteindrez,ateindrez,35016
battrez,batrez,35025
charriez,chariez,35053
chilienne,chiliène,35055
cliquettent,cliquètent,35060
effleurée,éfleurée,35143
effondrent,éfondrent,35144
empoisonnent,empoisonent,35147
enveloppez,envelopez,35160
erra,èra,35161
exhumé,exumé,35167
guetté,guété,35196
habiterez,abiterez,35198
haque,aque,35200
jetterons,jèterons,35230
pomponnée,pomponée,35313
pullule,pulule,35336
rhabillé,rabillé,35364
soupçonniez,soupçoniez,35393
stationné,stationé,35396
technicolor,tecnicolor,35410
accompagnais,acompagnais,35476
allongeant,alongeant,35486
allumais,alumais,35487
appareillons,apareillons,35494
appose,apose,35496
arrosons,arosons,35500
atterrisse,atèrisse,35506
attiriez,atiriez,35507
bourrait,bourait,35520
bâillonné,bâilloné,35526
collaborez,colaborez,35550
collectionnais,colectionais,35551
décarre,décare,35591
efforcerai,éforcerai,35607
emprisonné,emprisoné,35613
frappons,frapons,35646
fusionnent,fusionent,35655
opprime,oprime,35757
quitteront,quiteront,35796
redémarre,redémare,35811
reverrions,revèrions,35820
sympathise,simpatise,35861
tamponné,tamponé,35865
terrorisée,tèrorisée,35869
éhonté,éonté,35910
émotionné,émotioné,35913
abandonnerons,abandonerons,35921
abattrai,abatrai,35922
accablé,acablé,35925
afflue,aflue,35930
approuverait,aprouverait,35942
apprêtez,aprêtez,35944
arrangerons,arangerons,35946
atteignit,ateignit,35953
communiquait,comuniquait,35995
diffusez,difusez,36022
démarrons,démarons,36038
enrhume,enrume,36057
habillera,abillera,36094
habitions,abitions,36095
interrogeant,intèrogeant,36128
jetterait,jèterait,36136
klaxonnez,klaxonez,36139
personnalisé,personalisé,36186
projettent,projètent,36198
promettais,promètais,36200
quittions,quitions,36213
recyclé,reciclé,36220
soufflera,souflera,36272
supplierai,suplierai,36281
terrifiait,tèrifiait,36297
accompagnée,acompagnée,36344
accorda,acorda,36345
accrocherai,acrocherai,36346
affaiblie,afaiblie,36347
affalé,afalé,36348
annulée,anulée,36360
apparaissez,aparaissez,36364
appelleraient,apèleraient,36365
bouffera,boufera,36391
déterre,détère,36478
efforcent,éforcent,36484
efforçons,éforçons,36485
essoufflé,essouflé,36497
héritera,éritera,36536
oppresse,opresse,36622
quittèrent,quitèrent,36687
regrettais,regrètais,36695
réquisitionne,réquisitione,36720
savonne,savone,36730
scellée,scélée,36731
sifflez,siflez,36735
sélectionne,sélectione,36754
échapperai,échaperai,36785
accourez,acourez,36805
admettent,admètent,36808
atténuera,aténuera,36826
colleront,coleront,36872
commencerait,comencerait,36874
courrait,courait,36894
dénommée,dénomée,36924
effondré,éfondré,36934
flotté,floté,36960
habituez,abituez,36986
offrirons,ofrirons,37042
photomaton,fotomaton,37059
rallie,ralie,37079
rappelaient,rapelaient,37080
rappellerons,rapèlerons,37081
sonneront,soneront,37138
souffriez,soufriez,37141
affectait,afectait,37202
annulais,anulais,37215
appartiendrait,apartiendrait,37219
attristé,atristé,37230
battit,batit,37238
boufferont,bouferont,37253
commuée,comuée,37284
effondrerait,éfondrerait,37355
effraierait,éfraierait,37356
errait,èrait,37372
fouettez,fouètez,37399
illuminent,iluminent,37426
immunisée,imunisée,37429
inhumé,inumé,37446
nourrirai,nourirai,37501
quittaient,quitaient,37552
rappela,rapela,37555
rappellerait,rapèlerait,37556
surviennent,surviènent,37630
téléphonent,téléfonent,37661
vannée,vanée,37665
apprécieraient,aprécieraient,37716
arracherait,aracherait,37719
californienne,californiène,37748
coffrez,cofrez,37768
collecté,colecté,37769
déballez,débalez,37803
dédommage,dédomage,37814
fourrez,fourez,37870
gaffé,gafé,37876
nourrirait,nourirait,37959
photographiez,fotografiez,37981
programmée,programée,38002
rapportais,raportais,38017
rembourré,rembouré,38025
sanctionné,sanctioné,38058
supprimée,suprimée,38083
abattit,abatit,38152
abattront,abatront,38153
accapare,acapare,38157
actionnez,actionez,38165
affaissent,afaissent,38171
allient,alient,38179
auditionne,auditione,38200
bannirait,banirait,38210
barrait,barait,38214
chauffait,chaufait,38247
choppe,chope,38249
connectez,conectez,38276
dégommé,dégomé,38333
désapprouvait,désaprouvait,38346
embarrassent,embarassent,38354
embelli,embèli,38356
enveloppent,envelopent,38372
essoufflé,essouflé,38377
exhorte,exorte,38379
habillons,abillons,38437
honorerai,onorerai,38444
hésiteront,ésiteront,38449
interpellé,interpélé,38473
jappe,jape,38480
londonienne,londoniène,38504
nommons,nomons,38548
offensent,ofensent,38556
passionnent,passionent,38574
photographiait,fotografiait,38580
préoccupent,préocupent,38611
questionnez,questionez,38619
quitteriez,quiteriez,38620
raccompagnais,racompagnais,38621
rapprochera,raprochera,38626
rattraperez,ratraperez,38634
renouvellent,renouvèlent,38648
réchauffent,réchaufent,38672
sectionnée,sectionée,38688
souffrirait,soufrirait,38701
soupçonnaient,soupçonaient,38704
synchronisons,sincronisons,38718
étouffait,étoufait,38795
abattons,abatons,38799
accomplirai,acomplirai,38804
agrippait,agripait,38814
alluma,aluma,38816
allumant,alumant,38817
apportiez,aportiez,38826
approcherai,aprocherai,38827
approprie,aproprie,38828
approuvera,aprouvera,38829
approvisionne,aprovisione,38830
arracha,aracha,38835
atteignîmes,ateignîmes,38844
attira,atira,38845
coffin,cofin,38898
coiffez,coifez,38899
commettras,comètras,38904
connurent,conurent,38909
débarrassent,débarassent,38951
débattons,débatons,38952
dépannerait,dépanerait,38960
développons,dévelopons,38974
esclaffe,esclafe,38999
excommunié,excomunié,39003
frapperez,fraperez,39028
frottais,frotais,39031
habituerez,abituerez,39050
hésitais,ésitais,39056
immobilisée,imobilisée,39060
lynché,linché,39099
mentionnait,mentionait,39112
nettoiera,nétoiera,39126
nettoieras,nètoieras,39127
pardonnait,pardonait,39148
parrainé,parainé,39151
programmez,programez,39177
sermonnez,sermonez,39250
sonnais,sonais,39256
surprennent,surprènent,39267
accourent,acourent,39337
adhéré,adéré,39339
affecterait,afecterait,39341
allongeait,alongeait,39344
annihilé,aniilé,39355
apparaissaient,aparaissaient,39358
apporterons,aporterons,39360
cartonne,cartone,39422
commandiez,comandiez,39444
conditionne,conditione,39457
dauphine,daufine,39484
desserré,desséré,39486
donnai,donai,39498
déterrerai,détèrerai,39527
efforçait,éforçait,39531
emballent,embalent,39532
emballée,embalée,39533
exhale,exale,39555
exhibée,exibée,39556
frapperait,fraperait,39574
happée,hapée,39598
haïtienne,haïtiène,39600
interrompe,intèrompe,39634
luttaient,lutaient,39649
ordonnent,ordonent,39700
rayonnait,rayonait,39771
recommanderai,recomanderai,39776
regrettait,regrètait,39779
réceptionne,réceptione,39805
serrerai,sèrerai,39829
soupçonnerait,soupçonerait,39837
succombent,sucombent,39842
thugs,tugs,39862
transmettant,transmètant,39872
vaporetto,vaporèto,39888
étouffais,étoufais,39922
étouffez,étoufez,39923
affaisse,afaisse,39934
apparaîtrait,aparaîtrait,39948
appâté,apâté,39953
arrachait,arachait,39956
atteindrai,ateindrai,39963
attendrie,atendrie,39964
cautionné,cautioné,40002
coiffait,coifait,40016
combattaient,combataient,40021
différée,diférée,40054
efforcez,éforcez,40089
emballait,embalait,40090
empoisonnera,empoisonera,40092
neurotransmetteurs,neurotransmèteurs,40209
occuperaient,ocuperaient,40218
perquisitionné,perquisitioné,40237
raisonnent,raisonent,40277
recommandent,recomandent,40282
reconnaîtriez,reconaîtriez,40283
succomberont,sucomberont,40332
thoracotomie,toracotomie,40338
tranquillise,tranquilise,40347
transmette,transmète,40348
accaparé,acaparé,40393
accordiez,acordiez,40394
accumulées,acumulées,40395
accuserait,acuserait,40397
affaiblira,afaiblira,40402
affaiblissent,afaiblissent,40403
affectivement,afectivement,40404
amazonienne,amazoniène,40411
annulant,anulant,40417
arrangeront,arangeront,40423
arrosant,arosant,40425
attrapaient,atrapaient,40433
attrapant,atrapant,40434
bidonné,bidoné,40451
coiffent,coifent,40503
communiquaient,comuniquaient,40510
décoiffée,décoifée,40560
décrypté,décripté,40562
effarouchent,éfarouchent,40583
exhibé,exibé,40604
flottez,flotez,40617
guettant,guètant,40646
nomma,noma,40728
offusque,ofusque,40736
phéniciens,féniciens,40766
poly,poli,40776
pourrirai,pourirai,40783
raccompagnait,racompagnait,40811
rapprochaient,raprochaient,40817
réveillonne,réveillone,40865
souffla,soufla,40884
stationne,statione,40890
stylisé,stilisé,40892
subventionne,subventione,40893
symbolisent,simbolisent,40902
terrorisait,tèrorisait,40915
écoeuré,équeuré,40964
accouchez,acouchez,40988
accourons,acourons,40989
accroupit,acroupit,40990
accule,acule,40992
accusais,acusais,40993
affichée,afichée,41000
affranchit,afranchit,41001
antiaérienne,antiaériène,41023
arrangeons,arangeons,41029
attacherai,atacherai,41032
attaquerez,ataquerez,41033
attisé,atisé,41035
bidonnées,bidonées,41047
bouchonne,bouchone,41060
bouffaient,boufaient,41061
coffreront,cofreront,41103
décoiffe,décoife,41164
démarrera,démarera,41173
déshonorent,désonorent,41182
développa,dévelopa,41193
effarouche,éfarouche,41199
frottait,frotait,41259
fusionnons,fusionons,41264
habillerai,abillerai,41289
installerait,instalerait,41327
insupporte,insuporte,41329
luttais,lutais,41363
lynch,linch,41365
meccano,mécano,41374
opposez,oposez,41407
raccrochait,racrochait,41473
reconnecter,reconecter,41478
rejetterai,rejèterai,41489
sillonnent,sillonent,41531
souffrit,soufrit,41537
échappant,échapant,41604
étoufferait,étouferait,41621
accablent,acablent,41628
accomplissons,acomplissons,41631
admettrai,admètrai,41636
affolent,afolent,41643
annonçaient,anonçaient,41661
approuvée,aprouvée,41667
approvisionné,aprovisioné,41668
apprécierai,aprécierai,41669
arménienne,arméniène,41672
arrachèrent,arachèrent,41673
atteignez,ateignez,41682
atteignons,ateignons,41683
atterrirons,atèrirons,41684
attirons,atirons,41687
ballonne,balone,41702
boufferait,bouferait,41721
capitonnée,capitonée,41754
charrié,charié,41775
chauffera,chaufera,41777
commercialisé,comercialisé,41800
différenciait,diférenciait,41845
déboutonne,déboutone,41869
décarrer,décarer,41873
déconnent,déconent,41879
déshonorez,désonorez,41899
environne,environe,41942
fusionné,fusioné,41994
garrotte,garote,42001
immatriculé,imatriculé,42043
immortalisé,imortalisé,42046
interrogeront,intèrogeront,42079
kommando,komando,42100
lycra,licra,42110
menottée,menotée,42132
opposera,oposera,42185
opposeront,oposeront,42186
photographiaient,fotografiaient,42214
pilonné,piloné,42219
promettrai,promètrai,42249
ramollissent,ramolissent,42280
rappliquez,rapliquez,42282
rapportant,raportant,42283
recommandons,recomandons,42289
réaffecté,réafecté,42334
sellé,sèlé,42367
soufflerai,souflerai,42385
squatté,squaté,42390
triompha,trionfa,42455
verrouillent,vérouillent,42472
échappa,échapa,42495
échappais,échapais,42496
échapperait,échaperait,42497
émettra,émètra,42510
abandonnai,abandonai,42525
accoste,acoste,42529
affectant,afectant,42539
apparaissant,aparaissant,42568
applaudissaient,aplaudissaient,42571
battirent,batirent,42607
berrichonne,bèrichone,42612
blottie,blotie,42617
bolivienne,boliviène,42620
cannellonis,canèlonis,42648
claironnent,claironent,42678
commettons,comètons,42692
compromettez,compromètez,42694
correspondrait,corespondrait,42712
dauphinois,daufinois,42732
distillée,distilée,42742
effaçant,éfaçant,42790
emballais,embalais,42793
frapperont,fraperont,42860
frottant,frotant,42864
galline,galine,42870
grelottait,grelotait,42880
hululements,ululements,42909
illuminait,iluminait,42913
innocentera,inocentera,42942
installa,instala,42946
interromprait,intèromprait,42951
irradié,iradié,42953
lyonnais,lionais,42987
léviathan,léviatan,42990
marianne,mariane,43005
marrait,marait,43007
mettions,mètions,43011
offusqué,ofusqué,43055
pouffent,poufent,43111
redonnera,redonera,43164
remettront,remètront,43174
renverrait,renvèrait,43178
résonné,résoné,43216
révolutionné,révolutioné,43219
sectionne,sectione,43226
sermonneur,sermoneur,43227
souffriront,soufriront,43242
soumettra,soumètra,43246
stomoxys,stomoxis,43253
stéphanois,stéfanois,43255
suppliais,supliais,43262
supplions,suplions,43263
truffée,trufée,43300
téléphonerez,téléfonerez,43305
abattrez,abatrez,43372
acquittée,acquitée,43379
annonçons,anonçons,43394
annulera,anulera,43395
approuvais,aprouvais,43400
apprêtaient,aprêtaient,43401
attachais,atachais,43410
attaqua,ataqua,43411
attirais,atirais,43413
attrapiez,atrapiez,43414
boufferaient,bouferaient,43443
charria,charia,43463
chronométré,cronométré,43471
cohabite,coabite,43479
colla,cola,43480
collaborons,colaborons,43481
collectionnez,colectionez,43482
coordonne,coordone,43512
décollait,décolait,43570
désapprouvent,désaprouvent,43597
emprisonnent,emprisonent,43620
ensorcellent,ensorcèlent,43629
enterra,entèra,43632
essouffle,essoufle,43640
flippait,flipait,43665
fredonnant,fredonant,43674
greffée,gréfée,43700
hermaphrodites,ermafrodites,43714
impressionnera,impressionera,43736
klaxonnerai,klaxonerai,43767
moissonné,moissoné,43810
mollit,molit,43811
nourrissaient,nourissaient,43831
offriez,ofriez,43836
patriarches,patriarques,43860
programmé,programé,43897
rapportaient,raportaient,43924
réapparaisse,réaparaisse,43957
soufflons,souflons,43996
supplanté,suplanté,44012
surnommée,surnomée,44015
synchronisez,sincronisez,44017
terrent,tèrent,44023
tourbillonne,tourbillone,44033
échappons,échapons,44074
échauffez,échaufez,44075
étoufferai,étouferai,44100
acclamez,aclamez,44111
accompagnerons,acompagnerons,44112
accoudé,acoudé,44115
accroupie,acroupie,44116
admettrait,admètrait,44123
affame,afame,44127
algérienne,algériène,44136
alliant,aliant,44137
allumiez,alumiez,44138
applaudirai,aplaudirai,44161
apprivoise,aprivoise,44162
appuierai,apuierai,44165
arrangea,arangea,44168
arriverions,ariverions,44169
assomment,assoment,44176
attendraient,atendraient,44179
attifé,atifé,44180
attribuée,atribuée,44181
bastonne,bastone,44196
bouffais,boufais,44211
chaînette,chaînète,44247
communiquons,comuniquons,44270
corrigera,corigera,44294
distillé,distilé,44327
décoiffé,décoifé,44342
dédommagerai,dédomagerai,44347
dédommagé,dédomagé,44348
développait,dévelopait,44376
effaçons,éfaçons,44379
effrayent,éfrayent,44380
essoufflée,essouflée,44407
fayotte,fayote,44431
fourrait,fourait,44447
frottera,frotera,44453
grattait,gratait,44469
héritez,éritez,44490
influx,influs,44511
innove,inove,44514
paraphé,parafé,44625
pourrira,pourira,44662
redonnent,redonent,44705
redémarré,redémaré,44706
remettrons,remètrons,44712
sonnerai,sonerai,44768
souffraient,soufraient,44769
souffrirez,soufrirez,44770
soumettez,soumètez,44771
supporterez,suporterez,44778
surnommée,surnomée,44781
terrifiaient,tèrifiaient,44795
triomphons,trionfons,44819
accordant,acordant,44893
accumulant,acumulant,44897
approchiez,aprochiez,44913
arrêtèrent,arêtèrent,44916
atteignirent,ateignirent,44922
bourrez,bourez,44935
collais,colais,44963
diffusons,difusons,44996
débarrassiez,débarassiez,45001
débattent,débatent,45002
déconnecte,déconecte,45006
effondra,éfondra,45023
efforçant,éforçant,45024
embarrassez,embarassez,45025
guettais,guètais,45090
habiterons,abiterons,45093
hébergée,ébergée,45101
immobilisez,imobilisez,45104
martyrise,martirise,45147
martyrisé,martirisé,45148
oestrogènes,eustrogènes,45186
offriront,ofriront,45187
omettez,omètez,45188
paraphez,parafez,45196
parraine,paraine,45199
résonna,résona,45286
télécommandé,télécomandé,45346
zézette,zézète,45363
écoeurez,équeurez,45365
abandonnerait,abandonerait,45377
abandonneriez,abandoneriez,45378
accosté,acosté,45385
accrédités,acrédités,45388
accumulez,acumulez,45389
acquitté,acquité,45394
affaiblissait,afaiblissait,45400
affublé,afublé,45404
affûté,afûté,45405
agrippée,agripée,45410
annoncerez,anoncerez,45426
appliquerai,apliquerai,45432
appuyait,apuyait,45434
attachaient,atachaient,45444
attisent,atisent,45446
boutonnez,boutonez,45483
cantonné,cantoné,45507
coffrent,cofrent,45546
collectionnent,colectionent,45548
colombienne,colombiène,45550
commettrait,comètrait,45553
corrompez,corompez,45583
cryptée,criptée,45598
déverrouillez,dévèrouillez,45686
effacerai,éfacerai,45688
effectuera,éfectuera,45689
effectuez,éfectuez,45690
effrayaient,éfrayaient,45691
effrite,éfrite,45692
endettée,endétée,45706
enterrerons,entèrerons,45716
entonnaient,entonaient,45718
frapperons,fraperons,45773
goudronnée,goudronée,45807
guettez,guètez,45818
habillerez,abillerez,45821
honoreras,onoreras,45833
honorerez,onorerez,45834
hypothéqué,ipotéqué,45838
installeront,instaleront,45884
occasionné,ocasioné,45986
photographiée,fotografiée,46023
préoccupais,préocupais,46054
questionnait,questionait,46068
quittai,quitai,46070
raccompagnons,racompagnons,46074
raccordé,racordé,46075
raccourcit,racourcit,46076
réceptionné,réceptioné,46147
scellaient,scèlaient,46186
scellent,scèlent,46187
soumette,soumète,46210
supporteraient,suporteraient,46228
symbolisés,simbolisés,46238
terrassa,tèrassa,46258
étonna,étona,46354
étonnais,étonais,46355
accablait,acablait,46363
accuseront,acuseront,46368
additionne,aditione,46372
admettrez,admètrez,46374
affectionne,afectione,46376
affronterons,afronterons,46377
appareille,apareille,46396
appartiendraient,apartiendraient,46397
applaudissais,aplaudissais,46398
apporteriez,aporteriez,46400
arroge,aroge,46405
arrosent,arosent,46407
atteignais,ateignais,46415
attraperaient,atraperaient,46417
attraperait,atraperait,46418
attraperons,atraperons,46419
battions,bations,46431
blotti,bloti,46440
bohème,boème,46441
caucasienne,caucasiène,46469
chauffons,chaufons,46477
collerait,colerait,46500
colombienne,colombiène,46501
combattue,combatue,46504
commanda,comanda,46505
commanderez,comanderez,46506
contusionnée,contusionée,46531
corrigerai,corigerai,46539
courrai,courai,46544
débattez,débatez,46585
dégotte,dégote,46602
désaccordée,désacordée,46615
désarçonné,désarçoné,46617
frappaient,frapaient,46685
gloutonne,gloutone,46714
hésiteraient,ésiteraient,46732
installant,instalant,46753
marrera,marera,46809
métamorphosé,métamorfosé,46837
nappa,napa,46841
occulté,oculté,46851
philippins,filipins,46879
polluent,poluent,46899
positionne,positione,46903
pourrirez,pourirez,46906
prophétisé,profétisé,46920
rallumé,ralumé,46939
reconnaissiez,reconaissiez,46953
rembarre,rembare,46962
réaffirme,réafirme,46996
sifflaient,siflaient,47028
sollicitée,solicitée,47035
supporterons,suporterons,47061
supposerait,suposerait,47063
synchronise,sincronise,47070
étouffera,étoufera,47145
accoururent,acoururent,47157
adhèrent,adèrent,47161
admettiez,admètiez,47163
alloué,aloué,47180
authentifié,autentifié,47197
botterait,boterait,47216
cantonne,cantone,47241
communiquera,comuniquera,47266
correspondaient,corespondaient,47290
débarrasseront,débarasseront,47332
décollée,décolée,47336
déterrez,détèrez,47372
effacerait,éfacerait,47376
flippent,flipent,47425
frissonnait,frissonait,47437
habituera,abituera,47472
horripile,oripile,47480
huilé,uilé,47482
huilée,uilée,47483
hérissée,érissée,47485
héritent,éritent,47486
illuminaient,iluminaient,47487
monoprix,monopris,47576
pistonné,pistoné,47649
recommandant,recomandant,47713
recommencerez,recomencerez,47715
regrettant,regrètant,47721
réapparais,réaparais,47747
supprimant,suprimant,47794
suppriment,supriment,47795
thêta,têta,47812
transmettrons,transmètrons,47825
triomphent,trionfent,47831
aberrantes,abèrantes,47889
abhorre,abore,47890
actionné,actioné,47904
admettais,admètais,47906
adonnent,adonent,47909
affectez,afectez,47914
affligent,afligent,47915
affrontaient,afrontaient,47916
affronteront,afronteront,47918
appauvri,apauvri,47959
applaudissant,aplaudissant,47960
approchai,aprochai,47962
approuvaient,aprouvaient,47964
approuvons,aprouvons,47965
apprêtèrent,aprêtèrent,47967
appuiera,apuiera,47968
ardennais,ardenais,47970
arrondissait,arondissait,47976
attardez,atardez,47983
bolivienne,boliviène,48022
bottera,botera,48028
botté,boté,48029
bâillonnez,bâillonez,48055
béhème,béème,48058
camorra,camora,48070
cautionne,cautione,48078
commentant,comentant,48115
commit,comit,48116
consommait,consomait,48136
coprophagie,coprofagie,48154
correspondez,corespondez,48155
corroborent,coroborent,48156
déconnectez,déconectez,48230
déraisonne,déraisone,48269
déshydrate,désidrate,48279
développant,dévelopant,48288
effaçait,éfaçait,48292
effrayons,éfrayons,48294
empoisonnez,empoisonez,48305
entretiennent,entretiènent,48340
enveloppait,envelopait,48344
enverraient,envèraient,48346
exhibera,exibera,48359
griffent,grifent,48428
herber,erber,48449
hériterez,ériterez,48465
hésitera,ésitera,48467
illuminant,iluminant,48470
irritent,iritent,48525
kazakhs,kazaks,48541
peccata,pécata,48690
personnalisée,personalisée,48698
photographiais,fotografiais,48702
pourrissez,pourissez,48733
rallumons,ralumons,48798
rationné,rationé,48808
sillonne,sillone,48936
supportée,suportée,48968
symbolisant,simbolisant,48982
talonne,talone,48991
tonné,toné,49007
torrentielle,torentièle,49011
triomphera,trionfera,49033
téléphonant,téléfonant,49046
téléphoné,téléfoné,49047
visionnez,visionez,49069
émette,émète,49091
étouffèrent,étoufèrent,49109
acclame,aclame,49119
additionnant,aditionant,49125
affaiblie,afaiblie,49129
affichant,afichant,49130
apparteniez,aparteniez,49163
apprécieriez,aprécieriez,49166
appuyais,apuyais,49167
attacherait,atacherait,49186
attribué,atribué,49188
boufferai,bouferai,49223
chagatte,chagate,49256
collectionné,colectioné,49275
combattrez,combatrez,49278
coordonnez,coordonez,49304
courrons,courons,49312
décolleront,décoleront,49367
dédommagée,dédomagée,49376
déhanché,déanché,49385
fieffés,fièfés,49468
flattent,flatent,49476
fourrerai,fourerai,49484
hypo,hipo,49541
hébergera,ébergera,49542
hébergez,ébergez,49543
inhibe,inibe,49568
installerons,instalerons,49575
interrompant,intèrompant,49580
jetteriez,jèteriez,49594
klaxonné,klaxoné,49600
lutterons,luterons,49614
paralyserait,paraliserait,49712
photographient,fotografient,49734
promettiez,promètiez,49765
pullulent,pululent,49783
péruvienne,péruviène,49786
querelleurs,querèleurs,49795
raffolait,rafolait,49803
rappelleriez,rapèleriez,49811
rapportiez,raportiez,49812
rattrapait,ratrapait,49815
rebellés,rebèlés,49817
recommandait,recomandait,49819
recommenciez,recomenciez,49820
rembourrée,rembourée,49831
sifflais,siflais,49906
soupçonneront,soupçoneront,49926
trimballent,trimbalent,49981
abonne,abone,50044
acclament,aclament,50048
accusa,acusa,50049
affament,afament,50054
affrétez,afrétez,50059
affrété,afrété,50060
analysait,analisait,50070
appariés,apariés,50076
arrachaient,arachaient,50083
arrêteriez,arêteriez,50088
assaisonné,assaisoné,50090
auditionnez,auditionez,50094
baballe,babale,50098
chleuhs,chleus,50181
collaborant,colaborant,50200
communiquée,comuniquée,50207
communié,comunié,50208
connaissant,conaissant,50221
correspondais,corespondais,50233
correspondu,corespondu,50234
crotté,croté,50246
différons,diférons,50259
déconnectée,déconectée,50281
déterrent,détèrent,50306
développera,dévelopera,50308
déverrouille,dévèrouille,50309
emballera,embalera,50317
enflammera,enflamera,50329
flippé,flipé,50361
griffonne,grifone,50393
hérita,érita,50411
insufflé,insuflé,50436
nourriront,nouriront,50522
nullos,nulos,50524
opposais,oposais,50531
orchestrée,orquestrée,50533
pourrissait,pourissait,50578
raccommode,racomode,50611
reconnaissaient,reconaissaient,50625
redémarrez,redémarez,50630
scellant,scèlant,50673
supportiez,suportiez,50693
symbolisait,simbolisait,50696
terrassée,tèrassée,50708
villette,vilète,50750
étonnerai,étonerai,50783
accablez,acablez,50797
acclamée,aclamée,50800
accomplirons,acomplirons,50801
accomplissant,acomplissant,50802
accordaient,acordaient,50803
accouchait,acouchait,50804
accrocherez,acrocherez,50805
accrochiez,acrochiez,50806
accrochée,acrochée,50807
affaibli,afaibli,50818
affamant,afamant,50820
affilé,afilé,50823
affrontais,afrontais,50825
allumaient,alumaient,50843
annulerai,anulerai,50854
annulerait,anulerait,50855
appelèrent,apelèrent,50866
apprivoisée,aprivoisée,50869
approcherez,aprocherez,50870
appropriant,apropriant,50871
appréhendais,apréendais,50873
asphyxient,asfixient,50883
attribuez,atribuez,50892
ballottée,balotée,50912
battraient,batraient,50922
bellicistes,bèlicistes,50928
bottez,botez,50950
boycottent,boycotent,50958
combattais,combatais,51040
commente,comente,51041
commette,comète,51042
commettrai,comètrai,51043
courront,couront,51113
débattrons,débatrons,51178
déchiffrera,déchifrera,51188
décrypteurs,décripteurs,51201
déraisonnez,déraisonez,51234
enthousiasmée,entousiasmée,51284
enveloppa,envelopa,51290
espionniez,espioniez,51298
exhorté,exorté,51306
exponentiellement,exponentièlement,51310
façonne,façone,51327
ferrais,fèrais,51328
fonctionnant,fonctionant,51350
fourrent,fourent,51363
habilitée,abilitée,51428
habituait,abituait,51429
hiberné,iberné,51440
hydraté,idraté,51448
hydro,idro,51450
illuminera,iluminera,51461
illuminez,iluminez,51462
immatérielle,imatérièle,51464
immerge,imerge,51465
incommodez,incomodez,51481
jaffe,jafe,51531
joseph,josef,51538
nommiez,nomiez,51654
oppressait,opressait,51677
pentothal,pentotal,51718
permettaient,permètaient,51723
permettons,permètons,51724
pigeonné,pigeoné,51738
pourriront,pouriront,51774
promettaient,promètaient,51788
rallié,ralié,51831
rallongez,ralongez,51832
reboutonnez,reboutonez,51852
rejetteront,rejèteront,51873
rhabillée,rabillée,51920
réinterroger,réintèroger,51953
réquisitionnez,réquisitionez,51956
résonnera,résonera,51958
scanning,scaning,51978
sillonnant,sillonant,51999
sollicitera,solicitera,52012
sommeillent,someillent,52014
succombant,sucombant,52041
supplieront,suplieront,52047
suppliez,supliez,52048
supprimait,suprimait,52049
suppure,supure,52050
trottent,trotent,52124
télégraphiez,télégrafiez,52130
échauffée,échaufée,52183
écoeuré,équeuré,52187
abandonnèrent,abandonèrent,52228
accommoderais,acomoderais,52240
accomplissions,acomplissions,52242
accoucherait,acoucherait,52244
accourait,acourait,52246
accroupi,acroupi,52247
accusons,acusons,52249
acquittez,acquitez,52251
adonnaient,adonaient,52260
affichons,afichons,52263
affrontions,afrontions,52266
allaitait,alaitait,52279
allaité,alaité,52280
amarrez,amarez,52285
anesthésiez,anestésiez,52296
antigrippe,antigripe,52305
appliquant,apliquant,52313
apprêtiez,aprêtiez,52315
appuierait,apuierait,52316
appuyaient,apuyaient,52317
arrimé,arimé,52325
artériopathie,artériopatie,52329
attendrissent,atendrissent,52342
attentez,atentez,52343
attisez,atisez,52345
attrapa,atrapa,52346
attribua,atribua,52348
attribuait,atribuait,52349
attristé,atristé,52350
australienne,australiène,52353
bagarrée,bagarée,52373
blottit,blotit,52417
branchette,branchète,52441
butté,buté,52457
carillonnent,carillonent,52490
chiffrée,chifrée,52508
collaborerons,colaborerons,52537
consommons,consomons,52581
coordonnant,coordonant,52599
corroboré,coroboré,52610
cramponné,cramponé,52625
diffusera,difusera,52667
débarrasserez,débarasserez,52694
déchiffrent,déchifrent,52704
décollerai,décolerai,52709
décommandée,décomandée,52710
dédommagera,dédomagera,52718
dépannera,dépanera,52749
désherbé,déserbé,52764
empiffrée,empifrée,52801
emprisonna,emprisona,52806
engouffrait,engoufrait,52825
excommunié,excomunié,52863
exhalait,exalait,52866
exhibait,exibait,52867
exhibant,exibant,52868
frappiez,frapiez,52925
fredonnez,fredonez,52928
frictionne,frictione,52930
frottaient,frotaient,52936
frottent,frotent,52937
griffonnait,grifonait,52970
guettaient,guètaient,52984
hiberne,iberne,52998
hypoxique,ipoxique,53010
hégélienne,égéliène,53011
immatriculé,imatriculé,53019
interpeller,interpèler,53070
jetteraient,jèteraient,53087
lettrés,lètrés,53109
lotta,lota,53135
milli,mili,53173
moissonnent,moissonent,53180
moissonnez,moissonez,53181
mâchonnant,mâchonant,53204
occupèrent,ocupèrent,53243
oeuvrent,euvrent,53246
pardonniez,pardoniez,53278
positionné,positioné,53356
questionnée,questionée,53419
quittâmes,quitâmes,53422
raccompagnant,racompagnant,53424
raccourcie,racourcie,53425
ramollisse,ramolisse,53439
recollée,recolée,53456
réaffectation,réafectation,53557
résonnaient,résonaient,53587
scannez,scanez,53611
scellons,scèlons,53612
sifflerait,siflerait,53622
sifflote,siflote,53623
soupçonnions,soupçonions,53646
supposent,suposent,53670
synthétisé,sintétisé,53683
sélectionnant,sélectionant,53688
tronçonné,tronçoné,53759
vannée,vanée,53780
éperonné,éperoné,53864
étincellent,étincèlent,53880
accompagna,acompagna,53900
accostée,acostée,53902
accoure,acoure,53903
accrochera,acrochera,53904
accroupissait,acroupissait,53905
affabule,afabule,53915
affichait,afichait,53916
affilié,afilié,53917
affirmiez,afirmiez,53918
amarrée,amarée,53923
amidonnées,amidonées,53925
analysera,analisera,53929
applaudie,aplaudie,53938
apprirent,aprirent,53941
arrondira,arondira,53947
atteindraient,ateindraient,53959
attelé,atelé,53960
attestent,atestent,53964
bagarrez,bagarez,53973
ballonnée,balonée,53977
blasphémait,blasfémait,53991
blottissait,blotissait,53994
chao,cao,54041
cohabitent,coabitent,54066
combatte,combate,54072
connectant,conectant,54094
corrobore,corobore,54111
distillent,distilent,54150
déconnerais,déconerais,54175
déculotte,déculote,54183
effaceront,éfaceront,54220
effectuerons,éfectuerons,54221
effondrait,éfondrait,54222
endetté,endété,54236
endommagez,endomagez,54237
erraient,èraient,54254
fusionnant,fusionant,54309
habilitée,abilitée,54339
handicapant,andicapant,54341
honorerons,onorerons,54348
humidifiant,umidifiant,54351
humilient,umilient,54352
hydratez,idratez,54353
immisce,imisce,54363
innocentée,inocentée,54390
kidnappent,kidnapent,54427
marmonnait,marmonait,54477
marrée,marée,54479
méthodiste,métodiste,54508
nommèrent,nomèrent,54519
opposerait,oposerait,54532
papillonnais,papillonais,54546
paralysera,paralisera,54547
pâlotte,pâlote,54625
rappelions,rapelions,54650
rappliqueront,rapliqueront,54651
rapprocha,raprocha,54652
rattraperait,ratraperait,54654
rebellée,rebélée,54655
regretta,regrèta,54670
regrettée,regrétée,54671
reprogrammé,reprogramé,54696
roupette,roupète,54723
saccagent,sacagent,54755
sanctionnée,sanctionée,54758
soupçonnons,soupçonons,54792
suffoquais,sufoquais,54803
suffoquée,sufoquée,54804
supprimerai,suprimerai,54808
tamponnez,tamponez,54823
tamponnée,tamponée,54824
verrouillait,vérouillait,54874
abandonnerez,abandonerez,54913
abandonniez,abandoniez,54914
accabla,acabla,54936
accolant,acolant,54939
accolée,acolée,54940
accorderiez,acorderiez,54942
accorderons,acorderons,54943
accorderont,acorderont,54944
accostez,acostez,54945
accoucha,acoucha,54946
accoucheras,acoucheras,54947
accourues,acourues,54948
accourut,acourut,54949
acquitté,acquité,54957
actionnaient,actionaient,54959
additionneraient,aditioneraient,54962
additionnées,aditionées,54963
affaissé,afaissé,54974
affermit,afermit,54975
affolera,afolera,54976
affolerait,afolerait,54977
affrontait,afrontait,54978
affronterez,afronterez,54979
algérienne,algériène,55008
allaitais,alaitais,55010
allouée,alouée,55014
anesthésié,anestésié,55042
annexé,anexé,55044
appelai,apelai,55067
appliquait,apliquait,55069
appliquons,apliquons,55070
apporteraient,aporteraient,55071
apposés,aposés,55072
apprise,aprise,55073
apprivoiserai,aprivoiserai,55074
appréhendent,apréendent,55075
appâte,apâte,55077
arrangerez,arangerez,55091
arrogent,arogent,55093
arrondit,arondit,55095
assommait,assomait,55106
attaquèrent,ataquèrent,55120
atteignis,ateignis,55121
attendri,atendri,55122
attendrissait,atendrissait,55123
attentiez,atentiez,55124
atterrirais,atèrirais,55125
atterrissant,atèrissant,55126
attestant,atestant,55127
attisait,atisait,55128
attribuons,atribuons,55130
attroupaient,atroupaient,55132
battis,batis,55207
bouillonnent,bouillonent,55278
bourgeonnent,bourgeonent,55283
bâtonnant,bâtonant,55323
caquettent,caquètent,55365
cautionnaire,cautionaire,55392
cavette,cavète,55394
chamarré,chamaré,55408
chamarré,chamaré,55409
chantonnent,chantonent,55412
charriant,chariant,55418
chattant,chatant,55423
chronométrant,cronométrant,55452
coiffai,coifai,55493
coifferais,coiferais,55494
collectivisé,colectivisé,55497
collons,colons,55498
commencerions,comencerions,55511
commentée,comentée,55512
compromette,compromète,55536
conditionnent,conditionent,55546
corrigée,corigée,55602
couillonnés,couillonés,55614
couronna,courona,55620
couronnent,couronent,55621
cramponnais,cramponais,55631
cramponnée,cramponée,55632
cristallisent,cristalisent,55643
cristallisée,cristalisée,55644
cryofracture,criofracture,55652
dermographie,dermografie,55693
dialysée,dialisée,55705
distille,distile,55724
débarrassant,débarassant,55776
déchiffrât,déchifrât,55791
décollerait,décolerait,55806
dédommageait,dédomageait,55818
déshabillais,désabillais,55896
développeraient,déveloperaient,55917
efforcée,éforcée,55928
effrayèrent,éfrayèrent,55929
embarrassons,embarassons,55933
embellira,embèlira,55936
embellissez,embèlissez,55937
empiffrent,empifrent,55948
empiffrez,empifrez,55949
emprisonnant,emprisonant,55960
endettez,endètez,55977
enflamma,enflama,55985
engouffrera,engoufrera,55995
